Exp_ID,location_name,latitude,longitude,ecozone,province,soil_great_group,soil_sub_group,soil_texture,sand_px,clay_px,silt_px,initial_soc_tha,initial_soc_year,block,treatment_number,replication_number,duration,year_name,start_year,end_year,tillage,STIR_rating,crop_rotation,rotation_seq,crop_seq,straw_returned,biomass_returned_kgha,residue_estimation_methodology,soil_total_carbon_conc_gkg,soil_total_carbon_px,soil_total_carbon2_px,soil_organic_matter_kgha,organic_matter_px,reference,flag,theme,simple_trt_name,crop_rotation_code,TrtID,r_c,tillage_soil,tillage_type,irrigation_region,irrigation,cinput_lignin_px,cinput_n_px,Location,POLYID,ECO_ID,SL,PROVINCE,PCPTREGION,crop,ICASA_code,AAFC_code,grain_yield_kgha,crop_residue_kgha,hay_yield_kgha,hay_residue_kgha,root_biomass_kgha,straw_biomass_kgha,silage_yld_kgha,crop_residue_avg_kgha,above_ground_residue_kgha,roots_residue_kgha,root_exudates_kgha,manure_kgha,N_fertilizer_kgha,N_fertilizer_kgha_2,N_fertilizer_kgha_3,P_fertilizer_kgha,P_fertilizer_kgha_2,P_fertilizer_kgha_3,K_fertilizer_kgha,K_fertilizer_kgha_2,S_fertilizer_kgha,S_fertilizer_kgha_2,lowest_depth,soc_tha_lowest_depth,initial_dsm,lowest_depth_difference,first_soc_treatment,soc_dsm_difference,soc_tha_30cm
E2,Harrow,42.166667,-82.666667,8,Ontario,Luvic Gleysol,Orthic,Medium,28,37,35,88.7,2004,NA,F4,1,14,2004,2004,2017,CT,NA,CRN_SBN,NA,NA,NA,NA,est_equation,NA,NA,NA,NA,NA,Angers. et al. 1997,reference uncertain,cpr,NA,CR1,E2_F4_CR1,NA,Brown,Intensive Tillage,Canada,0,10,10,2,570007,570,570007,ON,ON_1,CRN,MAZ,CORNGR,7095.983938,7002.89,NA,NA,NA,7002.89,NA,5958.304667,NA,NA,NA,0,0,NA,NA,100,NA,NA,0,NA,NA,NA,30,88.7,74.2,0,88.7,-14.5,88.7
E2,Harrow,42.166667,-82.666667,8,Ontario,Luvic Gleysol,Orthic,Medium,28,37,35,88.7,2004,NA,F4,1,14,2005,2004,2017,CT,NA,CRN_SBN,NA,NA,NA,NA,est_equation,NA,NA,NA,NA,NA,Angers. et al. 1997,reference uncertain,cpr,NA,CR1,E2_F4_CR1,NA,Brown,Intensive Tillage,Canada,0,10,10,2,570007,570,570007,ON,ON_1,SBN,SBN,SOYBNS,3025.44,3066.7875,NA,NA,NA,3066.7875,NA,3170.015,NA,NA,NA,0,0,NA,NA,100,NA,NA,0,NA,NA,NA,30,NA,74.2,0,88.7,-14.5,NA
E2,Harrow,42.166667,-82.666667,8,Ontario,Luvic Gleysol,Orthic,Medium,28,37,35,88.7,2004,NA,F4,1,14,2006,2004,2017,CT,NA,CRN_SBN,NA,NA,NA,NA,est_equation,NA,NA,NA,NA,NA,Angers. et al. 1997,reference uncertain,cpr,NA,CR1,E2_F4_CR1,NA,Brown,Intensive Tillage,Canada,0,10,10,2,570007,570,570007,ON,ON_1,CRN,MAZ,CORNGR,7976.0536,6434.106073,NA,NA,NA,6434.106073,NA,6506.905087,NA,NA,NA,0,0,NA,NA,100,NA,NA,0,NA,NA,NA,30,NA,74.2,0,88.7,-14.5,NA
E2,Harrow,42.166667,-82.666667,8,Ontario,Luvic Gleysol,Orthic,Medium,28,37,35,88.7,2004,NA,F4,1,14,2007,2004,2017,CT,NA,CRN_SBN,NA,NA,NA,NA,est_equation,NA,NA,NA,NA,NA,Angers. et al. 1997,reference uncertain,cpr,NA,CR1,E2_F4_CR1,NA,Brown,Intensive Tillage,Canada,0,10,10,2,570007,570,570007,ON,ON_1,SBN,SBN,SOYBNS,3228.958308,3689.3325,NA,NA,NA,3689.3325,NA,3568.48625,NA,NA,NA,0,0,NA,NA,100,NA,NA,0,NA,NA,NA,30,NA,74.2,0,88.7,-14.5,NA
E2,Harrow,42.166667,-82.666667,8,Ontario,Luvic Gleysol,Orthic,Medium,28,37,35,88.7,2004,NA,F4,1,14,2008,2004,2017,CT,NA,CRN_SBN,NA,NA,NA,NA,est_equation,NA,NA,NA,NA,NA,Angers. et al. 1997,reference uncertain,cpr,NA,CR1,E2_F4_CR1,NA,Brown,Intensive Tillage,Canada,0,10,10,2,570007,570,570007,ON,ON_1,CRN,MAZ,CORNGR,6078.764456,6722.978667,NA,NA,NA,6722.978667,NA,7171.327543,NA,NA,NA,0,0,NA,NA,100,NA,NA,0,NA,NA,NA,30,NA,74.2,0,88.7,-14.5,NA
E2,Harrow,42.166667,-82.666667,8,Ontario,Luvic Gleysol,Orthic,Medium,28,37,35,88.7,2004,NA,F4,1,14,2009,2004,2017,CT,NA,CRN_SBN,NA,NA,NA,NA,est_equation,NA,NA,NA,NA,NA,Angers. et al. 1997,reference uncertain,cpr,NA,CR1,E2_F4_CR1,NA,Brown,Intensive Tillage,Canada,0,10,10,2,570007,570,570007,ON,ON_1,SBN,SBN,SOYBNS,3149.429022,3785.733333,NA,NA,NA,3785.733333,NA,3672.466667,NA,NA,NA,0,0,NA,NA,100,NA,NA,0,NA,NA,NA,30,79.7059428,74.2,0,88.7,-14.5,79.7059428
E2,Harrow,42.166667,-82.666667,8,Ontario,Luvic Gleysol,Orthic,Medium,28,37,35,88.7,2004,NA,F4,1,14,2010,2004,2017,CT,NA,CRN_SBN,NA,NA,NA,NA,est_equation,NA,NA,NA,NA,NA,Angers. et al. 1997,reference uncertain,cpr,NA,CR1,E2_F4_CR1,NA,Brown,Intensive Tillage,Canada,0,10,10,2,570007,570,570007,ON,ON_1,CRN,MAZ,CORNGR,6355.661194,6473.791712,NA,NA,NA,6473.791712,NA,6163.652979,NA,NA,NA,0,0,NA,NA,100,NA,NA,0,NA,NA,NA,30,NA,74.2,0,88.7,-14.5,NA
E2,Harrow,42.166667,-82.666667,8,Ontario,Luvic Gleysol,Orthic,Medium,28,37,35,88.7,2004,NA,F4,1,14,2011,2004,2017,CT,NA,CRN_SBN,NA,NA,NA,NA,est_equation,NA,NA,NA,NA,NA,Angers. et al. 1997,reference uncertain,cpr,NA,CR1,E2_F4_CR1,NA,Brown,Intensive Tillage,Canada,0,10,10,2,570007,570,570007,ON,ON_1,SBN,SBN,SOYBNS,3517.0578,4188.072471,NA,NA,NA,4188.072471,NA,4001.875742,NA,NA,NA,0,0,NA,NA,100,NA,NA,0,NA,NA,NA,30,NA,74.2,0,88.7,-14.5,NA
E2,Harrow,42.166667,-82.666667,8,Ontario,Luvic Gleysol,Orthic,Medium,28,37,35,88.7,2004,NA,F4,1,14,2012,2004,2017,CT,NA,CRN_SBN,NA,NA,NA,NA,est_equation,NA,NA,NA,NA,NA,Angers. et al. 1997,reference uncertain,cpr,NA,CR1,E2_F4_CR1,NA,Brown,Intensive Tillage,Canada,0,10,10,2,570007,570,570007,ON,ON_1,CRN,MAZ,CORNGR,11423.91115,11076.36374,NA,NA,NA,11076.36374,NA,10933.05385,NA,NA,NA,0,0,NA,NA,100,NA,NA,0,NA,NA,NA,30,NA,74.2,0,88.7,-14.5,NA
E2,Harrow,42.166667,-82.666667,8,Ontario,Luvic Gleysol,Orthic,Medium,28,37,35,88.7,2004,NA,F4,1,14,2013,2004,2017,CT,NA,CRN_SBN,NA,NA,NA,NA,est_equation,NA,NA,NA,NA,NA,Angers. et al. 1997,reference uncertain,cpr,NA,CR1,E2_F4_CR1,NA,Brown,Intensive Tillage,Canada,0,10,10,2,570007,570,570007,ON,ON_1,SBN,SBN,SOYBNS,3415.998933,7234.827984,NA,NA,NA,7234.827984,NA,6612.941206,NA,NA,NA,0,0,NA,NA,100,NA,NA,0,NA,NA,NA,30,NA,74.2,0,88.7,-14.5,NA
E2,Harrow,42.166667,-82.666667,8,Ontario,Luvic Gleysol,Orthic,Medium,28,37,35,88.7,2004,NA,F4,1,14,2014,2004,2017,CT,NA,CRN_SBN,NA,NA,NA,NA,est_equation,NA,NA,NA,NA,NA,Angers. et al. 1997,reference uncertain,cpr,NA,CR1,E2_F4_CR1,NA,Brown,Intensive Tillage,Canada,0,10,10,2,570007,570,570007,ON,ON_1,CRN,MAZ,CORNGR,8819.86,13363.10842,NA,NA,NA,13363.10842,NA,14063.88425,NA,NA,NA,0,0,NA,NA,100,NA,NA,0,NA,NA,NA,30,NA,74.2,0,88.7,-14.5,NA
E2,Harrow,42.166667,-82.666667,8,Ontario,Luvic Gleysol,Orthic,Medium,28,37,35,88.7,2004,NA,F4,1,14,2015,2004,2017,CT,NA,CRN_SBN,NA,NA,NA,NA,est_equation,NA,NA,NA,NA,NA,Angers. et al. 1997,reference uncertain,cpr,NA,CR1,E2_F4_CR1,NA,Brown,Intensive Tillage,Canada,0,10,10,2,570007,570,570007,ON,ON_1,SBN,SBN,SOYBNS,2816.258987,6933.333333,NA,NA,NA,6933.333333,NA,6184.126984,NA,NA,NA,0,0,NA,NA,100,NA,NA,0,NA,NA,NA,30,NA,74.2,0,88.7,-14.5,NA
E2,Harrow,42.166667,-82.666667,8,Ontario,Luvic Gleysol,Orthic,Medium,28,37,35,88.7,2004,NA,F4,1,14,2016,2004,2017,CT,NA,CRN_SBN,NA,NA,NA,NA,est_equation,NA,NA,NA,NA,NA,Angers. et al. 1997,reference uncertain,cpr,NA,CR1,E2_F4_CR1,NA,Brown,Intensive Tillage,Canada,0,10,10,2,570007,570,570007,ON,ON_1,CRN,MAZ,CORNGR,8501.866667,6633.130701,NA,NA,NA,6633.130701,NA,7262.726009,NA,NA,NA,0,0,NA,NA,100,NA,NA,0,NA,NA,NA,30,NA,74.2,0,88.7,-14.5,NA
E2,Harrow,42.166667,-82.666667,8,Ontario,Luvic Gleysol,Orthic,Medium,28,37,35,88.7,2004,NA,F4,1,14,2017,2004,2017,CT,NA,CRN_SBN,NA,NA,NA,NA,est_equation,NA,NA,NA,NA,NA,Angers. et al. 1997,reference uncertain,cpr,NA,CR1,E2_F4_CR1,NA,Brown,Intensive Tillage,Canada,0,10,10,2,570007,570,570007,ON,ON_1,SBN,SBN,SOYBNS,3268.085333,4344.253968,NA,NA,NA,4344.253968,NA,4997.079365,NA,NA,NA,0,0,NA,NA,100,NA,NA,0,NA,NA,NA,30,98.38368709,74.2,0,88.7,-14.5,98.38368709
E2,Harrow,42.166667,-82.666667,8,Ontario,Luvic Gleysol,Orthic,Medium,28,37,35,88.7,2004,NA,F4,2,14,2004,2004,2017,CT,NA,CRN_SBN,NA,NA,NA,NA,est_equation,NA,NA,NA,NA,NA,Angers. et al. 1997,reference uncertain,cpr,NA,CR1,E2_F4_CR1,NA,Brown,Intensive Tillage,Canada,0,10,10,2,570007,570,570007,ON,ON_1,CRN,MAZ,CORNGR,7302.755583,5637.174,NA,NA,NA,5637.174,NA,5958.304667,NA,NA,NA,0,0,NA,NA,100,NA,NA,0,NA,NA,NA,30,88.7,74.2,0,88.7,-14.5,88.7
E2,Harrow,42.166667,-82.666667,8,Ontario,Luvic Gleysol,Orthic,Medium,28,37,35,88.7,2004,NA,F4,2,14,2005,2004,2017,CT,NA,CRN_SBN,NA,NA,NA,NA,est_equation,NA,NA,NA,NA,NA,Angers. et al. 1997,reference uncertain,cpr,NA,CR1,E2_F4_CR1,NA,Brown,Intensive Tillage,Canada,0,10,10,2,570007,570,570007,ON,ON_1,SBN,SBN,SOYBNS,2934.186667,3315.955,NA,NA,NA,3315.955,NA,3170.015,NA,NA,NA,0,0,NA,NA,100,NA,NA,0,NA,NA,NA,30,NA,74.2,0,88.7,-14.5,NA
E2,Harrow,42.166667,-82.666667,8,Ontario,Luvic Gleysol,Orthic,Medium,28,37,35,88.7,2004,NA,F4,2,14,2006,2004,2017,CT,NA,CRN_SBN,NA,NA,NA,NA,est_equation,NA,NA,NA,NA,NA,Angers. et al. 1997,reference uncertain,cpr,NA,CR1,E2_F4_CR1,NA,Brown,Intensive Tillage,Canada,0,10,10,2,570007,570,570007,ON,ON_1,CRN,MAZ,CORNGR,8046.9684,6167.918363,NA,NA,NA,6167.918363,NA,6506.905087,NA,NA,NA,0,0,NA,NA,100,NA,NA,0,NA,NA,NA,30,NA,74.2,0,88.7,-14.5,NA
E2,Harrow,42.166667,-82.666667,8,Ontario,Luvic Gleysol,Orthic,Medium,28,37,35,88.7,2004,NA,F4,2,14,2007,2004,2017,CT,NA,CRN_SBN,NA,NA,NA,NA,est_equation,NA,NA,NA,NA,NA,Angers. et al. 1997,reference uncertain,cpr,NA,CR1,E2_F4_CR1,NA,Brown,Intensive Tillage,Canada,0,10,10,2,570007,570,570007,ON,ON_1,SBN,SBN,SOYBNS,3329.196117,3863.71125,NA,NA,NA,3863.71125,NA,3568.48625,NA,NA,NA,0,0,NA,NA,100,NA,NA,0,NA,NA,NA,30,NA,74.2,0,88.7,-14.5,NA
E2,Harrow,42.166667,-82.666667,8,Ontario,Luvic Gleysol,Orthic,Medium,28,37,35,88.7,2004,NA,F4,2,14,2008,2004,2017,CT,NA,CRN_SBN,NA,NA,NA,NA,est_equation,NA,NA,NA,NA,NA,Angers. et al. 1997,reference uncertain,cpr,NA,CR1,E2_F4_CR1,NA,Brown,Intensive Tillage,Canada,0,10,10,2,570007,570,570007,ON,ON_1,CRN,MAZ,CORNGR,8601.564058,8473.465283,NA,NA,NA,8473.465283,NA,7171.327543,NA,NA,NA,0,0,NA,NA,100,NA,NA,0,NA,NA,NA,30,NA,74.2,0,88.7,-14.5,NA
E2,Harrow,42.166667,-82.666667,8,Ontario,Luvic Gleysol,Orthic,Medium,28,37,35,88.7,2004,NA,F4,2,14,2009,2004,2017,CT,NA,CRN_SBN,NA,NA,NA,NA,est_equation,NA,NA,NA,NA,NA,Angers. et al. 1997,reference uncertain,cpr,NA,CR1,E2_F4_CR1,NA,Brown,Intensive Tillage,Canada,0,10,10,2,570007,570,570007,ON,ON_1,SBN,SBN,SOYBNS,3360.627468,3824.733333,NA,NA,NA,3824.733333,NA,3672.466667,NA,NA,NA,0,0,NA,NA,100,NA,NA,0,NA,NA,NA,30,79.7059428,74.2,0,88.7,-14.5,79.7059428
E2,Harrow,42.166667,-82.666667,8,Ontario,Luvic Gleysol,Orthic,Medium,28,37,35,88.7,2004,NA,F4,2,14,2010,2004,2017,CT,NA,CRN_SBN,NA,NA,NA,NA,est_equation,NA,NA,NA,NA,NA,Angers. et al. 1997,reference uncertain,cpr,NA,CR1,E2_F4_CR1,NA,Brown,Intensive Tillage,Canada,0,10,10,2,570007,570,570007,ON,ON_1,CRN,MAZ,CORNGR,6623.195202,5569.737819,NA,NA,NA,5569.737819,NA,6163.652979,NA,NA,NA,0,0,NA,NA,100,NA,NA,0,NA,NA,NA,30,NA,74.2,0,88.7,-14.5,NA
E2,Harrow,42.166667,-82.666667,8,Ontario,Luvic Gleysol,Orthic,Medium,28,37,35,88.7,2004,NA,F4,2,14,2011,2004,2017,CT,NA,CRN_SBN,NA,NA,NA,NA,est_equation,NA,NA,NA,NA,NA,Angers. et al. 1997,reference uncertain,cpr,NA,CR1,E2_F4_CR1,NA,Brown,Intensive Tillage,Canada,0,10,10,2,570007,570,570007,ON,ON_1,SBN,SBN,SOYBNS,3656.690244,3918.748269,NA,NA,NA,3918.748269,NA,4001.875742,NA,NA,NA,0,0,NA,NA,100,NA,NA,0,NA,NA,NA,30,NA,74.2,0,88.7,-14.5,NA
E2,Harrow,42.166667,-82.666667,8,Ontario,Luvic Gleysol,Orthic,Medium,28,37,35,88.7,2004,NA,F4,2,14,2012,2004,2017,CT,NA,CRN_SBN,NA,NA,NA,NA,est_equation,NA,NA,NA,NA,NA,Angers. et al. 1997,reference uncertain,cpr,NA,CR1,E2_F4_CR1,NA,Brown,Intensive Tillage,Canada,0,10,10,2,570007,570,570007,ON,ON_1,CRN,MAZ,CORNGR,11300.91387,11674.9619,NA,NA,NA,11674.9619,NA,10933.05385,NA,NA,NA,0,0,NA,NA,100,NA,NA,0,NA,NA,NA,30,NA,74.2,0,88.7,-14.5,NA
E2,Harrow,42.166667,-82.666667,8,Ontario,Luvic Gleysol,Orthic,Medium,28,37,35,88.7,2004,NA,F4,2,14,2013,2004,2017,CT,NA,CRN_SBN,NA,NA,NA,NA,est_equation,NA,NA,NA,NA,NA,Angers. et al. 1997,reference uncertain,cpr,NA,CR1,E2_F4_CR1,NA,Brown,Intensive Tillage,Canada,0,10,10,2,570007,570,570007,ON,ON_1,SBN,SBN,SOYBNS,3478.330311,5288.051984,NA,NA,NA,5288.051984,NA,6612.941206,NA,NA,NA,0,0,NA,NA,100,NA,NA,0,NA,NA,NA,30,NA,74.2,0,88.7,-14.5,NA
E2,Harrow,42.166667,-82.666667,8,Ontario,Luvic Gleysol,Orthic,Medium,28,37,35,88.7,2004,NA,F4,2,14,2014,2004,2017,CT,NA,CRN_SBN,NA,NA,NA,NA,est_equation,NA,NA,NA,NA,NA,Angers. et al. 1997,reference uncertain,cpr,NA,CR1,E2_F4_CR1,NA,Brown,Intensive Tillage,Canada,0,10,10,2,570007,570,570007,ON,ON_1,CRN,MAZ,CORNGR,9313.92,12538.61235,NA,NA,NA,12538.61235,NA,14063.88425,NA,NA,NA,0,0,NA,NA,100,NA,NA,0,NA,NA,NA,30,NA,74.2,0,88.7,-14.5,NA
E2,Harrow,42.166667,-82.666667,8,Ontario,Luvic Gleysol,Orthic,Medium,28,37,35,88.7,2004,NA,F4,2,14,2015,2004,2017,CT,NA,CRN_SBN,NA,NA,NA,NA,est_equation,NA,NA,NA,NA,NA,Angers. et al. 1997,reference uncertain,cpr,NA,CR1,E2_F4_CR1,NA,Brown,Intensive Tillage,Canada,0,10,10,2,570007,570,570007,ON,ON_1,SBN,SBN,SOYBNS,3204.122524,5879.365079,NA,NA,NA,5879.365079,NA,6184.126984,NA,NA,NA,0,0,NA,NA,100,NA,NA,0,NA,NA,NA,30,NA,74.2,0,88.7,-14.5,NA
E2,Harrow,42.166667,-82.666667,8,Ontario,Luvic Gleysol,Orthic,Medium,28,37,35,88.7,2004,NA,F4,2,14,2016,2004,2017,CT,NA,CRN_SBN,NA,NA,NA,NA,est_equation,NA,NA,NA,NA,NA,Angers. et al. 1997,reference uncertain,cpr,NA,CR1,E2_F4_CR1,NA,Brown,Intensive Tillage,Canada,0,10,10,2,570007,570,570007,ON,ON_1,CRN,MAZ,CORNGR,9140.64,8391.331473,NA,NA,NA,8391.331473,NA,7262.726009,NA,NA,NA,0,0,NA,NA,100,NA,NA,0,NA,NA,NA,30,NA,74.2,0,88.7,-14.5,NA
E2,Harrow,42.166667,-82.666667,8,Ontario,Luvic Gleysol,Orthic,Medium,28,37,35,88.7,2004,NA,F4,2,14,2017,2004,2017,CT,NA,CRN_SBN,NA,NA,NA,NA,est_equation,NA,NA,NA,NA,NA,Angers. et al. 1997,reference uncertain,cpr,NA,CR1,E2_F4_CR1,NA,Brown,Intensive Tillage,Canada,0,10,10,2,570007,570,570007,ON,ON_1,SBN,SBN,SOYBNS,2855.888,5515.68254,NA,NA,NA,5515.68254,NA,4997.079365,NA,NA,NA,0,0,NA,NA,100,NA,NA,0,NA,NA,NA,30,98.38368709,74.2,0,88.7,-14.5,98.38368709
E2,Harrow,42.166667,-82.666667,8,Ontario,Luvic Gleysol,Orthic,Medium,28,37,35,88.7,2004,NA,F4,3,14,2004,2004,2017,CT,NA,CRN_SBN,NA,NA,NA,NA,est_equation,NA,NA,NA,NA,NA,Angers. et al. 1997,reference uncertain,cpr,NA,CR1,E2_F4_CR1,NA,Brown,Intensive Tillage,Canada,0,10,10,2,570007,570,570007,ON,ON_1,CRN,MAZ,CORNGR,6774.697863,5234.85,NA,NA,NA,5234.85,NA,5958.304667,NA,NA,NA,0,0,NA,NA,100,NA,NA,0,NA,NA,NA,30,88.7,74.2,0,88.7,-14.5,88.7
E2,Harrow,42.166667,-82.666667,8,Ontario,Luvic Gleysol,Orthic,Medium,28,37,35,88.7,2004,NA,F4,3,14,2005,2004,2017,CT,NA,CRN_SBN,NA,NA,NA,NA,est_equation,NA,NA,NA,NA,NA,Angers. et al. 1997,reference uncertain,cpr,NA,CR1,E2_F4_CR1,NA,Brown,Intensive Tillage,Canada,0,10,10,2,570007,570,570007,ON,ON_1,SBN,SBN,SOYBNS,3171.555556,3127.3025,NA,NA,NA,3127.3025,NA,3170.015,NA,NA,NA,0,0,NA,NA,100,NA,NA,0,NA,NA,NA,30,NA,74.2,0,88.7,-14.5,NA
E2,Harrow,42.166667,-82.666667,8,Ontario,Luvic Gleysol,Orthic,Medium,28,37,35,88.7,2004,NA,F4,3,14,2006,2004,2017,CT,NA,CRN_SBN,NA,NA,NA,NA,est_equation,NA,NA,NA,NA,NA,Angers. et al. 1997,reference uncertain,cpr,NA,CR1,E2_F4_CR1,NA,Brown,Intensive Tillage,Canada,0,10,10,2,570007,570,570007,ON,ON_1,CRN,MAZ,CORNGR,8248.483867,6918.690824,NA,NA,NA,6918.690824,NA,6506.905087,NA,NA,NA,0,0,NA,NA,100,NA,NA,0,NA,NA,NA,30,NA,74.2,0,88.7,-14.5,NA
E2,Harrow,42.166667,-82.666667,8,Ontario,Luvic Gleysol,Orthic,Medium,28,37,35,88.7,2004,NA,F4,3,14,2007,2004,2017,CT,NA,CRN_SBN,NA,NA,NA,NA,est_equation,NA,NA,NA,NA,NA,Angers. et al. 1997,reference uncertain,cpr,NA,CR1,E2_F4_CR1,NA,Brown,Intensive Tillage,Canada,0,10,10,2,570007,570,570007,ON,ON_1,SBN,SBN,SOYBNS,3112.975844,3152.415,NA,NA,NA,3152.415,NA,3568.48625,NA,NA,NA,0,0,NA,NA,100,NA,NA,0,NA,NA,NA,30,NA,74.2,0,88.7,-14.5,NA
E2,Harrow,42.166667,-82.666667,8,Ontario,Luvic Gleysol,Orthic,Medium,28,37,35,88.7,2004,NA,F4,3,14,2008,2004,2017,CT,NA,CRN_SBN,NA,NA,NA,NA,est_equation,NA,NA,NA,NA,NA,Angers. et al. 1997,reference uncertain,cpr,NA,CR1,E2_F4_CR1,NA,Brown,Intensive Tillage,Canada,0,10,10,2,570007,570,570007,ON,ON_1,CRN,MAZ,CORNGR,6551.689934,6317.53868,NA,NA,NA,6317.53868,NA,7171.327543,NA,NA,NA,0,0,NA,NA,100,NA,NA,0,NA,NA,NA,30,NA,74.2,0,88.7,-14.5,NA
E2,Harrow,42.166667,-82.666667,8,Ontario,Luvic Gleysol,Orthic,Medium,28,37,35,88.7,2004,NA,F4,3,14,2009,2004,2017,CT,NA,CRN_SBN,NA,NA,NA,NA,est_equation,NA,NA,NA,NA,NA,Angers. et al. 1997,reference uncertain,cpr,NA,CR1,E2_F4_CR1,NA,Brown,Intensive Tillage,Canada,0,10,10,2,570007,570,570007,ON,ON_1,SBN,SBN,SOYBNS,3349.148911,3406.933333,NA,NA,NA,3406.933333,NA,3672.466667,NA,NA,NA,0,0,NA,NA,100,NA,NA,0,NA,NA,NA,30,79.7059428,74.2,0,88.7,-14.5,79.7059428
E2,Harrow,42.166667,-82.666667,8,Ontario,Luvic Gleysol,Orthic,Medium,28,37,35,88.7,2004,NA,F4,3,14,2010,2004,2017,CT,NA,CRN_SBN,NA,NA,NA,NA,est_equation,NA,NA,NA,NA,NA,Angers. et al. 1997,reference uncertain,cpr,NA,CR1,E2_F4_CR1,NA,Brown,Intensive Tillage,Canada,0,10,10,2,570007,570,570007,ON,ON_1,CRN,MAZ,CORNGR,6735.788032,6447.429405,NA,NA,NA,6447.429405,NA,6163.652979,NA,NA,NA,0,0,NA,NA,100,NA,NA,0,NA,NA,NA,30,NA,74.2,0,88.7,-14.5,NA
E2,Harrow,42.166667,-82.666667,8,Ontario,Luvic Gleysol,Orthic,Medium,28,37,35,88.7,2004,NA,F4,3,14,2011,2004,2017,CT,NA,CRN_SBN,NA,NA,NA,NA,est_equation,NA,NA,NA,NA,NA,Angers. et al. 1997,reference uncertain,cpr,NA,CR1,E2_F4_CR1,NA,Brown,Intensive Tillage,Canada,0,10,10,2,570007,570,570007,ON,ON_1,SBN,SBN,SOYBNS,3634.60802,3898.806484,NA,NA,NA,3898.806484,NA,4001.875742,NA,NA,NA,0,0,NA,NA,100,NA,NA,0,NA,NA,NA,30,NA,74.2,0,88.7,-14.5,NA
E2,Harrow,42.166667,-82.666667,8,Ontario,Luvic Gleysol,Orthic,Medium,28,37,35,88.7,2004,NA,F4,3,14,2012,2004,2017,CT,NA,CRN_SBN,NA,NA,NA,NA,est_equation,NA,NA,NA,NA,NA,Angers. et al. 1997,reference uncertain,cpr,NA,CR1,E2_F4_CR1,NA,Brown,Intensive Tillage,Canada,0,10,10,2,570007,570,570007,ON,ON_1,CRN,MAZ,CORNGR,10883.00765,10047.83592,NA,NA,NA,10047.83592,NA,10933.05385,NA,NA,NA,0,0,NA,NA,100,NA,NA,0,NA,NA,NA,30,NA,74.2,0,88.7,-14.5,NA
E2,Harrow,42.166667,-82.666667,8,Ontario,Luvic Gleysol,Orthic,Medium,28,37,35,88.7,2004,NA,F4,3,14,2013,2004,2017,CT,NA,CRN_SBN,NA,NA,NA,NA,est_equation,NA,NA,NA,NA,NA,Angers. et al. 1997,reference uncertain,cpr,NA,CR1,E2_F4_CR1,NA,Brown,Intensive Tillage,Canada,0,10,10,2,570007,570,570007,ON,ON_1,SBN,SBN,SOYBNS,3514.524053,7315.94365,NA,NA,NA,7315.94365,NA,6612.941206,NA,NA,NA,0,0,NA,NA,100,NA,NA,0,NA,NA,NA,30,NA,74.2,0,88.7,-14.5,NA
E2,Harrow,42.166667,-82.666667,8,Ontario,Luvic Gleysol,Orthic,Medium,28,37,35,88.7,2004,NA,F4,3,14,2014,2004,2017,CT,NA,CRN_SBN,NA,NA,NA,NA,est_equation,NA,NA,NA,NA,NA,Angers. et al. 1997,reference uncertain,cpr,NA,CR1,E2_F4_CR1,NA,Brown,Intensive Tillage,Canada,0,10,10,2,570007,570,570007,ON,ON_1,CRN,MAZ,CORNGR,9297.586667,16289.93197,NA,NA,NA,16289.93197,NA,14063.88425,NA,NA,NA,0,0,NA,NA,100,NA,NA,0,NA,NA,NA,30,NA,74.2,0,88.7,-14.5,NA
E2,Harrow,42.166667,-82.666667,8,Ontario,Luvic Gleysol,Orthic,Medium,28,37,35,88.7,2004,NA,F4,3,14,2015,2004,2017,CT,NA,CRN_SBN,NA,NA,NA,NA,est_equation,NA,NA,NA,NA,NA,Angers. et al. 1997,reference uncertain,cpr,NA,CR1,E2_F4_CR1,NA,Brown,Intensive Tillage,Canada,0,10,10,2,570007,570,570007,ON,ON_1,SBN,SBN,SOYBNS,2948.143467,5739.68254,NA,NA,NA,5739.68254,NA,6184.126984,NA,NA,NA,0,0,NA,NA,100,NA,NA,0,NA,NA,NA,30,NA,74.2,0,88.7,-14.5,NA
E2,Harrow,42.166667,-82.666667,8,Ontario,Luvic Gleysol,Orthic,Medium,28,37,35,88.7,2004,NA,F4,3,14,2016,2004,2017,CT,NA,CRN_SBN,NA,NA,NA,NA,est_equation,NA,NA,NA,NA,NA,Angers. et al. 1997,reference uncertain,cpr,NA,CR1,E2_F4_CR1,NA,Brown,Intensive Tillage,Canada,0,10,10,2,570007,570,570007,ON,ON_1,CRN,MAZ,CORNGR,9307.466667,6763.715852,NA,NA,NA,6763.715852,NA,7262.726009,NA,NA,NA,0,0,NA,NA,100,NA,NA,0,NA,NA,NA,30,NA,74.2,0,88.7,-14.5,NA
E2,Harrow,42.166667,-82.666667,8,Ontario,Luvic Gleysol,Orthic,Medium,28,37,35,88.7,2004,NA,F4,3,14,2017,2004,2017,CT,NA,CRN_SBN,NA,NA,NA,NA,est_equation,NA,NA,NA,NA,NA,Angers. et al. 1997,reference uncertain,cpr,NA,CR1,E2_F4_CR1,NA,Brown,Intensive Tillage,Canada,0,10,10,2,570007,570,570007,ON,ON_1,SBN,SBN,SOYBNS,3120.016,5131.301587,NA,NA,NA,5131.301587,NA,4997.079365,NA,NA,NA,0,0,NA,NA,100,NA,NA,0,NA,NA,NA,30,98.38368709,74.2,0,88.7,-14.5,98.38368709
E1,Ellerslie,53.416667,-113.55,10,Alberta,Black Chernozem,Orthic,Medium,17,39,NA,110.21,1983,NA,8,1,27,1983,1983,2009,CT,NA,CONT_BAR,NA,NA,yes,NA,est_equation,NA,NA,NA,NA,NA,Malhi et al. 2011b,NA,cpr,NA,CR1,E1_F25S_CT_CR1,NA,Brown,Intensive Tillage,Canada,0,10,10,1,727006,727,727006,AB,AB_3,BAR,BAR,BARLEY,1983.478261,2002.5,NA,NA,876.9152174,2002.5,NA,NA,NA,876.9152174,NA,NA,25,NA,NA,NA,NA,NA,NA,NA,NA,NA,20,110.21,131.9,10,110.21,21.690000000000012,131.9
E1,Ellerslie,53.416667,-113.55,10,Alberta,Black Chernozem,Orthic,Medium,17,39,NA,110.21,1983,NA,8,1,27,1984,1983,2009,CT,NA,CONT_BAR,NA,NA,yes,NA,est_equation,NA,NA,NA,NA,NA,Malhi et al. 2011b,NA,cpr,NA,CR1,E1_F25S_CT_CR1,NA,Brown,Intensive Tillage,Canada,0,10,10,1,727006,727,727006,AB,AB_3,BAR,BAR,BARLEY,3516.485,2658.25,NA,NA,1358.4417,2658.25,NA,NA,NA,1358.4417,NA,NA,25,NA,NA,NA,NA,NA,NA,NA,NA,NA,20,NA,131.9,10,110.21,21.690000000000012,NA
E1,Ellerslie,53.416667,-113.55,10,Alberta,Black Chernozem,Orthic,Medium,17,39,NA,110.21,1983,NA,8,1,27,1985,1983,2009,CT,NA,CONT_BAR,NA,NA,yes,NA,est_equation,NA,NA,NA,NA,NA,Malhi et al. 2011b,NA,cpr,NA,CR1,E1_F25S_CT_CR1,NA,Brown,Intensive Tillage,Canada,0,10,10,1,727006,727,727006,AB,AB_3,BAR,BAR,BARLEY,3126.97,2436.91,NA,NA,1224.0536,2436.91,NA,NA,NA,1224.0536,NA,NA,25,NA,NA,NA,NA,NA,NA,NA,NA,NA,20,NA,131.9,10,110.21,21.690000000000012,NA
E1,Ellerslie,53.416667,-113.55,10,Alberta,Black Chernozem,Orthic,Medium,17,39,NA,110.21,1983,NA,8,1,27,1986,1983,2009,CT,NA,CONT_BAR,NA,NA,yes,NA,est_equation,NA,NA,NA,NA,NA,Malhi et al. 2011b,NA,cpr,NA,CR1,E1_F25S_CT_CR1,NA,Brown,Intensive Tillage,Canada,0,10,10,1,727006,727,727006,AB,AB_3,BAR,BAR,BARLEY,2725.52,3611.965,NA,NA,1394.2467,3611.965,NA,NA,NA,1394.2467,NA,NA,25,NA,NA,NA,NA,NA,NA,NA,NA,NA,20,NA,131.9,10,110.21,21.690000000000012,NA
E1,Ellerslie,53.416667,-113.55,10,Alberta,Black Chernozem,Orthic,Medium,17,39,NA,110.21,1983,NA,8,1,27,1987,1983,2009,CT,NA,CONT_BAR,NA,NA,yes,NA,est_equation,NA,NA,NA,NA,NA,Malhi et al. 2011b,NA,cpr,NA,CR1,E1_F25S_CT_CR1,NA,Brown,Intensive Tillage,Canada,0,10,10,1,727006,727,727006,AB,AB_3,BAR,BAR,BARLEY,3150.5975,2758.91,NA,NA,1300.09165,2758.91,NA,NA,NA,1300.09165,NA,NA,25,NA,NA,NA,NA,NA,NA,NA,NA,NA,20,NA,131.9,10,110.21,21.690000000000012,NA
E1,Ellerslie,53.416667,-113.55,10,Alberta,Black Chernozem,Orthic,Medium,17,39,NA,110.21,1983,NA,8,1,27,1988,1983,2009,CT,NA,CONT_BAR,NA,NA,yes,NA,est_equation,NA,NA,NA,NA,NA,Malhi et al. 2011b,NA,cpr,NA,CR1,E1_F25S_CT_CR1,NA,Brown,Intensive Tillage,Canada,0,10,10,1,727006,727,727006,AB,AB_3,BAR,BAR,BARLEY,3508.3,3159,NA,NA,1466.806,3159,NA,NA,NA,1466.806,NA,NA,25,NA,NA,NA,NA,NA,NA,NA,NA,NA,20,NA,131.9,10,110.21,21.690000000000012,NA
E1,Ellerslie,53.416667,-113.55,10,Alberta,Black Chernozem,Orthic,Medium,17,39,NA,110.21,1983,NA,8,1,27,1989,1983,2009,CT,NA,CONT_BAR,NA,NA,yes,NA,est_equation,NA,NA,NA,NA,NA,Malhi et al. 2011b,NA,cpr,NA,CR1,E1_F25S_CT_CR1,NA,Brown,Intensive Tillage,Canada,0,10,10,1,727006,727,727006,AB,AB_3,BAR,BAR,BARLEY,2894.875,2934.075,NA,NA,1282.369,2934.075,NA,NA,NA,1282.369,NA,NA,25,NA,NA,NA,NA,NA,NA,NA,NA,NA,20,NA,131.9,10,110.21,21.690000000000012,NA
E1,Ellerslie,53.416667,-113.55,10,Alberta,Black Chernozem,Orthic,Medium,17,39,NA,110.21,1983,NA,8,1,27,1990,1983,2009,CT,NA,CONT_BAR,NA,NA,yes,NA,est_equation,NA,NA,NA,NA,NA,Malhi et al. 2011b,NA,cpr,NA,CR1,E1_F25S_CT_CR1,NA,Brown,Intensive Tillage,Canada,0,10,10,1,727006,727,727006,AB,AB_3,BAR,BAR,BARLEY,4261.7,3592,NA,NA,1727.814,3592,NA,NA,NA,1727.814,NA,NA,25,NA,NA,NA,NA,NA,NA,NA,NA,NA,20,NA,131.9,10,110.21,21.690000000000012,NA
E1,Ellerslie,53.416667,-113.55,10,Alberta,Black Chernozem,Orthic,Medium,17,39,NA,110.21,1983,NA,8,1,27,1991,1983,2009,CT,NA,CONT_BAR,NA,NA,yes,NA,est_equation,NA,NA,NA,NA,NA,Malhi et al. 2011b,NA,cpr,NA,CR1,E1_F25S_CT_CR1,NA,Brown,Intensive Tillage,Canada,0,10,10,1,727006,727,727006,AB,AB_3,BAR,BAR,BARLEY,2766.413043,2892.391304,NA,NA,1244.936957,2892.391304,NA,NA,NA,1244.936957,NA,NA,25,NA,NA,NA,NA,NA,NA,NA,NA,NA,20,NA,131.9,10,110.21,21.690000000000012,NA
E1,Ellerslie,53.416667,-113.55,10,Alberta,Black Chernozem,Orthic,Medium,17,39,NA,110.21,1983,NA,8,1,27,1992,1983,2009,CT,NA,CONT_BAR,NA,NA,yes,NA,est_equation,NA,NA,NA,NA,NA,Malhi et al. 2011b,NA,cpr,NA,CR1,E1_F25S_CT_CR1,NA,Brown,Intensive Tillage,Canada,0,10,10,1,727006,727,727006,AB,AB_3,BAR,BAR,BARLEY,2731.75,2622.625,NA,NA,1177.9625,2622.625,NA,NA,NA,1177.9625,NA,NA,25,NA,NA,NA,NA,NA,NA,NA,NA,NA,20,NA,131.9,10,110.21,21.690000000000012,NA
E1,Ellerslie,53.416667,-113.55,10,Alberta,Black Chernozem,Orthic,Medium,17,39,NA,110.21,1983,NA,8,1,27,1993,1983,2009,CT,NA,CONT_BAR,NA,NA,yes,NA,est_equation,NA,NA,NA,NA,NA,Malhi et al. 2011b,NA,cpr,NA,CR1,E1_F25S_CT_CR1,NA,Brown,Intensive Tillage,Canada,0,10,10,1,727006,727,727006,AB,AB_3,BAR,BAR,BARLEY,2696.6,3932.4,NA,NA,1458.38,3932.4,NA,NA,NA,1458.38,NA,NA,25,NA,NA,NA,NA,NA,NA,NA,NA,NA,20,NA,131.9,10,110.21,21.690000000000012,NA
E1,Ellerslie,53.416667,-113.55,10,Alberta,Black Chernozem,Orthic,Medium,17,39,NA,110.21,1983,NA,8,1,27,1994,1983,2009,CT,NA,CONT_BAR,NA,NA,yes,NA,est_equation,NA,NA,NA,NA,NA,Malhi et al. 2011b,NA,cpr,NA,CR1,E1_F25S_CT_CR1,NA,Brown,Intensive Tillage,Canada,0,10,10,1,727006,727,727006,AB,AB_3,BAR,BAR,BARLEY,2773.975,2495.675,NA,NA,1159.323,2495.675,NA,NA,NA,1159.323,NA,NA,25,NA,NA,NA,NA,NA,NA,NA,NA,NA,20,NA,131.9,10,110.21,21.690000000000012,NA
E1,Ellerslie,53.416667,-113.55,10,Alberta,Black Chernozem,Orthic,Medium,17,39,NA,110.21,1983,NA,8,1,27,1995,1983,2009,CT,NA,CONT_BAR,NA,NA,yes,NA,est_equation,NA,NA,NA,NA,NA,Malhi et al. 2011b,NA,cpr,NA,CR1,E1_F25S_CT_CR1,NA,Brown,Intensive Tillage,Canada,0,10,10,1,727006,727,727006,AB,AB_3,BAR,BAR,BARLEY,3296.748713,3796.847826,NA,NA,1560.591239,3796.847826,NA,NA,NA,1560.591239,NA,NA,25,NA,NA,NA,NA,NA,NA,NA,NA,NA,20,129.4666667,131.9,10,110.21,21.690000000000012,151.15666670000002
E1,Ellerslie,53.416667,-113.55,10,Alberta,Black Chernozem,Orthic,Medium,17,39,NA,110.21,1983,NA,8,1,27,1996,1983,2009,CT,NA,CONT_BAR,NA,NA,yes,NA,est_equation,NA,NA,NA,NA,NA,Malhi et al. 2011b,NA,cpr,NA,CR1,E1_F25S_CT_CR1,NA,Brown,Intensive Tillage,Canada,0,10,10,1,727006,727,727006,AB,AB_3,BAR,BAR,BARLEY,2840.023253,3065.326087,NA,NA,1299.176855,3065.326087,NA,NA,NA,1299.176855,NA,NA,25,NA,NA,NA,NA,NA,NA,NA,NA,NA,20,NA,131.9,10,110.21,21.690000000000012,NA
